"",".variable","mean"
"1","p.chi2b",0.464083333333333
"2","p.ftd",0.211708333333333
