"",".variable","mean"
"1","p.chi2b",0.118166666666667
"2","p.ftd",0.204708333333333
