"",".variable","mean"
"1","p.chi2b",0.147083333333333
"2","p.ftd",0.130458333333333
